{"cameraMode":{"drawMode":0,"name":"Shaded","section":"Shading Mode"},"sceneLighting":true,"audioPlay":false,"sceneViewState":{"m_AlwaysRefresh":false,"showFog":true,"showSkybox":true,"showFlares":true,"showImageEffects":true,"showParticleSystems":true,"showVisualEffectGraphs":true,"m_FxEnabled":true},"in2DMode":false,"pivot":{"x":1.2336969375610352,"y":2.9318628311157228,"z":6.333946228027344},"rotation":{"x":0.1610981971025467,"y":-0.11371787637472153,"z":0.01869000494480133,"w":0.9801874756813049},"size":15.121719360351563,"orthographic":true}