{"cameraMode":{"drawMode":0,"name":"Shaded","section":"Shading Mode"},"sceneLighting":false,"audioPlay":false,"sceneViewState":{"m_AlwaysRefresh":false,"showFog":true,"showSkybox":false,"showFlares":true,"showImageEffects":true,"showParticleSystems":true,"showVisualEffectGraphs":true,"m_FxEnabled":true},"in2DMode":false,"pivot":{"x":-4.288180828094482,"y":0.4399999976158142,"z":-12.989999771118164},"rotation":{"x":0.1610981971025467,"y":-0.11371787637472153,"z":0.01869000494480133,"w":0.9801874756813049},"size":0.8660253882408142,"orthographic":true}