{"cameraMode":{"drawMode":0,"name":"Shaded","section":"Shading Mode"},"sceneLighting":true,"audioPlay":false,"sceneViewState":{"m_AlwaysRefresh":false,"showFog":true,"showSkybox":false,"showFlares":true,"showImageEffects":true,"showParticleSystems":true,"showVisualEffectGraphs":true,"m_FxEnabled":true},"in2DMode":false,"pivot":{"x":5.960464477539063e-8,"y":0.5299999713897705,"z":31.100000381469728},"rotation":{"x":0.1610981971025467,"y":-0.11371787637472153,"z":0.01869000494480133,"w":0.9801874756813049},"size":1.2247449159622193,"orthographic":true}